threshold,alerts,alert_rate,precision,recall,f1
0.1,65548,0.5549835743556745,0.06001708671507903,0.968011811023622,0.11302648968568638
0.2,38230,0.3236867951366546,0.09659952916557678,0.9087106299212598,0.17463469995744077
0.3,24799,0.20996884207674332,0.13855397395056251,0.8454724409448819,0.23809028860478815
0.4,17325,0.14668777728858334,0.18193362193362195,0.7755905511811023,0.29473093646266774
0.5,12360,0.10464998137298066,0.23114886731391585,0.703001968503937,0.34790550414028254
0.6,8494,0.07191722829952248,0.2987991523428302,0.624507874015748,0.4042044911610129
0.7,5679,0.048083110373556406,0.38897693255854904,0.5435531496062992,0.45345376167504875
0.8,3566,0.03019270498188099,0.5109366236679753,0.4483267716535433,0.47758846657929227
0.9,2026,0.017153791445118027,0.700888450148075,0.3494094488188976,0.4663382594417077
